Loan Status,Loan Amount
29,You Are not Eligible
37,1818
35,1545
30,You Are not Eligible
24,You Are not Eligible
30,You Are not Eligible
35,1545
31,1000
29,You Are not Eligible
30,You Are not Eligible
29,You Are not Eligible
36,1636
24,You Are not Eligible
40,2182
25,You Are not Eligible
30,You Are not Eligible
38,1909
34,1455
41,2364
31,1000
39,2091
37,1818
34,1455
33,1273
40,2182
30,You Are not Eligible
25,You Are not Eligible
35,1545
32,1182
35,1545
35,1545
31,1000
35,1545
23,You Are not Eligible
36,1636
23,You Are not Eligible
30,You Are not Eligible
29,You Are not Eligible
35,1545
42,2455
35,1545
37,1818
31,1000
37,1818
36,1636
35,1545
34,1455
30,You Are not Eligible
27,You Are not Eligible
36,1636
24,You Are not Eligible
35,1545
25,You Are not Eligible
31,1000
37,1818
27,You Are not Eligible
24,You Are not Eligible
25,You Are not Eligible
30,You Are not Eligible
41,2364
37,1818
35,1545
30,You Are not Eligible
31,1000
32,1182
35,1545
35,1545
31,1000
32,1182
24,You Are not Eligible
38,1909
41,2364
30,You Are not Eligible
29,You Are not Eligible
31,1000
36,1636
29,You Are not Eligible
40,2182
36,1636
32,1182
29,You Are not Eligible
42,2455
31,1000
35,1545
42,2455
39,2091
35,1545
29,You Are not Eligible
31,1000
36,1636
37,1818
35,1545
39,2091
24,You Are not Eligible
27,You Are not Eligible
35,1545
35,1545
34,1455
31,1000
42,2455
35,1545
36,1636
30,You Are not Eligible
29,You Are not Eligible
35,1545
23,You Are not Eligible
36,1636
31,1000
39,2091
34,1455
23,You Are not Eligible
40,2182
35,1545
35,1545
29,You Are not Eligible
34,1455
25,You Are not Eligible
31,1000
36,1636
31,1000
33,1273
40,2182
40,2182
34,1455
29,You Are not Eligible
29,You Are not Eligible
27,You Are not Eligible
36,1636
31,1000
27,You Are not Eligible
30,You Are not Eligible
23,You Are not Eligible
24,You Are not Eligible
32,1182
29,You Are not Eligible
30,You Are not Eligible
36,1636
30,You Are not Eligible
35,1545
30,You Are not Eligible
42,2455
30,You Are not Eligible
31,1000
41,2364
36,1636
41,2364
28,You Are not Eligible
31,1000
34,1455
39,2091
26,You Are not Eligible
34,1455
25,You Are not Eligible
36,1636
22,You Are not Eligible
36,1636
23,You Are not Eligible
36,1636
34,1455
36,1636
24,You Are not Eligible
31,1000
35,1545
35,1545
30,You Are not Eligible
33,1273
41,2364
37,1818
30,You Are not Eligible
23,You Are not Eligible
36,1636
36,1636
24,You Are not Eligible
33,1273
35,1545
37,1818
41,2364
37,1818
41,2364
36,1636
37,1818
35,1545
31,1000
38,1909
40,2182
29,You Are not Eligible
25,You Are not Eligible
29,You Are not Eligible
30,You Are not Eligible
36,1636
28,You Are not Eligible
36,1636
42,2455
25,You Are not Eligible
36,1636
24,You Are not Eligible
29,You Are not Eligible
33,1273
29,You Are not Eligible
42,2455
41,2364
30,You Are not Eligible
30,You Are not Eligible
32,1182
40,2182
37,1818
32,1182
29,You Are not Eligible
34,1455
35,1545
32,1182
30,You Are not Eligible
37,1818
27,You Are not Eligible
31,1000
34,1455
25,You Are not Eligible
31,1000
34,1455
38,1909
34,1455
32,1182
33,1273
31,1000
25,You Are not Eligible
37,1818
30,You Are not Eligible
28,You Are not Eligible
41,2364
38,1909
28,You Are not Eligible
29,You Are not Eligible
35,1545
37,1818
33,1273
29,You Are not Eligible
36,1636
27,You Are not Eligible
37,1818
43,2545
29,You Are not Eligible
36,1636
37,1818
31,1000
36,1636
34,1455
30,You Are not Eligible
31,1000
36,1636
42,2455
34,1455
34,1455
34,1455
25,You Are not Eligible
30,You Are not Eligible
40,2182
34,1455
31,1000
36,1636
33,1273
40,2182
31,1000
34,1455
36,1636
35,1545
37,1818
31,1000
29,You Are not Eligible
24,You Are not Eligible
41,2364
31,1000
30,You Are not Eligible
28,You Are not Eligible
35,1545
30,You Are not Eligible
41,2364
31,1000
23,You Are not Eligible
29,You Are not Eligible
35,1545
36,1636
24,You Are not Eligible
29,You Are not Eligible
30,You Are not Eligible
34,1455
37,1818
40,2182
26,You Are not Eligible
30,You Are not Eligible
31,1000
29,You Are not Eligible
42,2455
29,You Are not Eligible
31,1000
35,1545
36,1636
40,2182
30,You Are not Eligible
35,1545
29,You Are not Eligible
32,1182
28,You Are not Eligible
24,You Are not Eligible
39,2091
32,1182
35,1545
44,2727
40,2182
35,1545
36,1636
34,1455
36,1636
35,1545
30,You Are not Eligible
34,1455
36,1636
36,1636
27,You Are not Eligible
35,1545
36,1636
29,You Are not Eligible
27,You Are not Eligible
36,1636
42,2455
34,1455
30,You Are not Eligible
37,1818
30,You Are not Eligible
30,You Are not Eligible
23,You Are not Eligible
25,You Are not Eligible
34,1455
26,You Are not Eligible
37,1818
35,1545
41,2364
35,1545
33,1273
30,You Are not Eligible
30,You Are not Eligible
37,1818
28,You Are not Eligible
37,1818
26,You Are not Eligible
35,1545
36,1636
31,1000
41,2364
29,You Are not Eligible
28,You Are not Eligible
42,2455
41,2364
32,1182
24,You Are not Eligible
28,You Are not Eligible
41,2364
38,1909
40,2182
41,2364
29,You Are not Eligible
31,1000
31,1000
29,You Are not Eligible
34,1455
31,1000
36,1636
30,You Are not Eligible
34,1455
31,1000
43,2545
32,1182
30,You Are not Eligible
36,1636
35,1545
31,1000
24,You Are not Eligible
22,You Are not Eligible
30,You Are not Eligible
22,You Are not Eligible
30,You Are not Eligible
30,You Are not Eligible
25,You Are not Eligible
30,You Are not Eligible
26,You Are not Eligible
39,2091
30,You Are not Eligible
29,You Are not Eligible
37,1818
36,1636
31,1000
35,1545
26,You Are not Eligible
30,You Are not Eligible
32,1182
35,1545
22,You Are not Eligible
34,1455
34,1455
30,You Are not Eligible
30,You Are not Eligible
23,You Are not Eligible
42,2455
32,1182
32,1182
27,You Are not Eligible
37,1818
31,1000
38,1909
35,1545
34,1455
42,2455
30,You Are not Eligible
31,1000
34,1455
40,2182
36,1636
28,You Are not Eligible
35,1545
30,You Are not Eligible
35,1545
41,2364
37,1818
30,You Are not Eligible
27,You Are not Eligible
36,1636
30,You Are not Eligible
26,You Are not Eligible
32,1182
35,1545
30,You Are not Eligible
32,1182
36,1636
26,You Are not Eligible
27,You Are not Eligible
24,You Are not Eligible
30,You Are not Eligible
42,2455
34,1455
30,You Are not Eligible
31,1000
35,1545
23,You Are not Eligible
40,2182
31,1000
25,You Are not Eligible
37,1818
35,1545
31,1000
41,2364
39,2091
31,1000
37,1818
34,1455
24,You Are not Eligible
36,1636
29,You Are not Eligible
34,1455
28,You Are not Eligible
37,1818
36,1636
43,2545
34,1455
30,You Are not Eligible
29,You Are not Eligible
35,1545
32,1182
28,You Are not Eligible
30,You Are not Eligible
24,You Are not Eligible
30,You Are not Eligible
31,1000
31,1000
43,2545
40,2182
35,1545
34,1455
24,You Are not Eligible
33,1273
34,1455
37,1818
31,1000
37,1818
39,2091
30,You Are not Eligible
37,1818
34,1455
36,1636
26,You Are not Eligible
43,2545
41,2364
25,You Are not Eligible
38,1909
36,1636
30,You Are not Eligible
24,You Are not Eligible
37,1818
31,1000
23,You Are not Eligible
42,2455
23,You Are not Eligible
36,1636
35,1545
29,You Are not Eligible
30,You Are not Eligible
29,You Are not Eligible
38,1909
29,You Are not Eligible
35,1545
28,You Are not Eligible
31,1000
35,1545
29,You Are not Eligible
31,1000
30,You Are not Eligible
29,You Are not Eligible
36,1636
31,1000
26,You Are not Eligible
23,You Are not Eligible
30,You Are not Eligible
42,2455
35,1545
40,2182
30,You Are not Eligible
25,You Are not Eligible
37,1818
39,2091
30,You Are not Eligible
39,2091
29,You Are not Eligible
24,You Are not Eligible
30,You Are not Eligible
35,1545
29,You Are not Eligible
24,You Are not Eligible
36,1636
34,1455
28,You Are not Eligible
31,1000
37,1818
29,You Are not Eligible
32,1182
24,You Are not Eligible
29,You Are not Eligible
41,2364
34,1455
37,1818
30,You Are not Eligible
36,1636
33,1273
34,1455
34,1455
41,2364
32,1182
30,You Are not Eligible
36,1636
29,You Are not Eligible
28,You Are not Eligible
36,1636
29,You Are not Eligible
37,1818
33,1273
31,1000
28,You Are not Eligible
24,You Are not Eligible
43,2545
41,2364
35,1545
41,2364
27,You Are not Eligible
29,You Are not Eligible
30,You Are not Eligible
29,You Are not Eligible
30,You Are not Eligible
29,You Are not Eligible
35,1545
30,You Are not Eligible
30,You Are not Eligible
37,1818
35,1545
24,You Are not Eligible
37,1818
30,You Are not Eligible
35,1545
30,You Are not Eligible
31,1000
35,1545
31,1000
31,1000
31,1000
40,2182
35,1545
37,1818
35,1545
37,1818
31,1000
32,1182
36,1636
26,You Are not Eligible
29,You Are not Eligible
34,1455
41,2364
30,You Are not Eligible
24,You Are not Eligible
29,You Are not Eligible
32,1182
37,1818
28,You Are not Eligible
33,1273
23,You Are not Eligible
36,1636
29,You Are not Eligible
29,You Are not Eligible
34,1455
31,1000
36,1636
30,You Are not Eligible
29,You Are not Eligible
42,2455
41,2364
34,1455
42,2455
31,1000
25,You Are not Eligible
38,1909
36,1636
31,1000
36,1636
22,You Are not Eligible
29,You Are not Eligible
41,2364
32,1182
34,1455
30,You Are not Eligible
32,1182
37,1818
34,1455
32,1182
30,You Are not Eligible
30,You Are not Eligible
34,1455
23,You Are not Eligible
35,1545
37,1818
37,1818
37,1818
37,1818
25,You Are not Eligible
37,1818
36,1636
30,You Are not Eligible
35,1545
30,You Are not Eligible
41,2364
25,You Are not Eligible
42,2455
29,You Are not Eligible
32,1182
36,1636
27,You Are not Eligible
30,You Are not Eligible
31,1000
38,1909
26,You Are not Eligible
30,You Are not Eligible
26,You Are not Eligible
42,2455
35,1545
41,2364
32,1182
30,You Are not Eligible
34,1455
26,You Are not Eligible
37,1818
26,You Are not Eligible
32,1182
34,1455
40,2182
25,You Are not Eligible
35,1545
36,1636
34,1455
30,You Are not Eligible
28,You Are not Eligible
35,1545
24,You Are not Eligible
29,You Are not Eligible
31,1000
31,1000
24,You Are not Eligible
37,1818
31,1000
35,1545
40,2182
35,1545
30,You Are not Eligible
30,You Are not Eligible
34,1455
31,1000
24,You Are not Eligible
28,You Are not Eligible
36,1636
30,You Are not Eligible
28,You Are not Eligible
39,2091
24,You Are not Eligible
37,1818
24,You Are not Eligible
34,1455
31,1000
37,1818
37,1818
29,You Are not Eligible
28,You Are not Eligible
30,You Are not Eligible
30,You Are not Eligible
35,1545
31,1000
32,1182
34,1455
29,You Are not Eligible
30,You Are not Eligible
41,2364
31,1000
30,You Are not Eligible
35,1545
34,1455
38,1909
25,You Are not Eligible
37,1818
29,You Are not Eligible
24,You Are not Eligible
23,You Are not Eligible
33,1273
36,1636
32,1182
25,You Are not Eligible
39,2091
41,2364
43,2545
29,You Are not Eligible
41,2364
36,1636
31,1000
34,1455
29,You Are not Eligible
35,1545
30,You Are not Eligible
40,2182
35,1545
31,1000
36,1636
27,You Are not Eligible
28,You Are not Eligible
31,1000
29,You Are not Eligible
35,1545
35,1545
30,You Are not Eligible
24,You Are not Eligible
37,1818
29,You Are not Eligible
29,You Are not Eligible
35,1545
33,1273
23,You Are not Eligible
40,2182
33,1273
24,You Are not Eligible
24,You Are not Eligible
27,You Are not Eligible
40,2182
42,2455
26,You Are not Eligible
34,1455
35,1545
26,You Are not Eligible
28,You Are not Eligible
25,You Are not Eligible
34,1455
35,1545
34,1455
34,1455
37,1818
35,1545
33,1273
43,2545
23,You Are not Eligible
38,1909
37,1818
30,You Are not Eligible
40,2182
42,2455
36,1636
29,You Are not Eligible
37,1818
28,You Are not Eligible
34,1455
30,You Are not Eligible
30,You Are not Eligible
31,1000
33,1273
29,You Are not Eligible
31,1000
28,You Are not Eligible
34,1455
36,1636
39,2091
35,1545
31,1000
36,1636
42,2455
35,1545
34,1455
38,1909
35,1545
35,1545
27,You Are not Eligible
40,2182
25,You Are not Eligible
30,You Are not Eligible
36,1636
42,2455
31,1000
23,You Are not Eligible
31,1000
35,1545
40,2182
36,1636
29,You Are not Eligible
30,You Are not Eligible
29,You Are not Eligible
36,1636
29,You Are not Eligible
23,You Are not Eligible
30,You Are not Eligible
30,You Are not Eligible
43,2545
38,1909
31,1000
28,You Are not Eligible
30,You Are not Eligible
43,2545
31,1000
30,You Are not Eligible
25,You Are not Eligible
34,1455
40,2182
34,1455
31,1000
37,1818
23,You Are not Eligible
34,1455
25,You Are not Eligible
32,1182
26,You Are not Eligible
42,2455
41,2364
35,1545
34,1455
35,1545
36,1636
34,1455
34,1455
31,1000
31,1000
33,1273
33,1273
31,1000
41,2364
30,You Are not Eligible
31,1000
31,1000
22,You Are not Eligible
32,1182
25,You Are not Eligible
31,1000
32,1182
42,2455
31,1000
34,1455
27,You Are not Eligible
23,You Are not Eligible
23,You Are not Eligible
38,1909
35,1545
27,You Are not Eligible
44,2727
32,1182
31,1000
34,1455
44,2727
32,1182
35,1545
35,1545
29,You Are not Eligible
42,2455
43,2545
34,1455
35,1545
31,1000
33,1273
33,1273
40,2182
26,You Are not Eligible
30,You Are not Eligible
37,1818
35,1545
31,1000
40,2182
30,You Are not Eligible
22,You Are not Eligible
28,You Are not Eligible
40,2182
36,1636
35,1545
36,1636
33,1273
40,2182
34,1455
28,You Are not Eligible
30,You Are not Eligible
30,You Are not Eligible
23,You Are not Eligible
41,2364
30,You Are not Eligible
36,1636
30,You Are not Eligible
30,You Are not Eligible
35,1545
29,You Are not Eligible
23,You Are not Eligible
25,You Are not Eligible
33,1273
35,1545
23,You Are not Eligible
33,1273
37,1818
36,1636
40,2182
36,1636
32,1182
35,1545
44,2727
40,2182
31,1000
37,1818
26,You Are not Eligible
29,You Are not Eligible
35,1545
23,You Are not Eligible
41,2364
41,2364
27,You Are not Eligible
35,1545
32,1182
36,1636
35,1545
36,1636
30,You Are not Eligible
26,You Are not Eligible
37,1818
34,1455
33,1273
31,1000
34,1455
37,1818
23,You Are not Eligible
36,1636
35,1545
34,1455
28,You Are not Eligible
30,You Are not Eligible
29,You Are not Eligible
25,You Are not Eligible
36,1636
43,2545
30,You Are not Eligible
41,2364
36,1636
33,1273
25,You Are not Eligible
32,1182
30,You Are not Eligible
29,You Are not Eligible
33,1273
36,1636
32,1182
35,1545
35,1545
38,1909
35,1545
27,You Are not Eligible
38,1909
37,1818
25,You Are not Eligible
29,You Are not Eligible
39,2091
28,You Are not Eligible
34,1455
34,1455
36,1636
30,You Are not Eligible
40,2182
30,You Are not Eligible
37,1818
30,You Are not Eligible
42,2455
36,1636
26,You Are not Eligible
41,2364
37,1818
29,You Are not Eligible
25,You Are not Eligible
30,You Are not Eligible
25,You Are not Eligible
30,You Are not Eligible
34,1455
31,1000
40,2182
40,2182
29,You Are not Eligible
31,1000
28,You Are not Eligible
35,1545
35,1545
31,1000
30,You Are not Eligible
31,1000
29,You Are not Eligible
41,2364
25,You Are not Eligible
31,1000
37,1818
30,You Are not Eligible
24,You Are not Eligible
29,You Are not Eligible
43,2545
35,1545
37,1818
28,You Are not Eligible
34,1455
31,1000
36,1636
41,2364
29,You Are not Eligible
26,You Are not Eligible
24,You Are not Eligible
35,1545
23,You Are not Eligible
29,You Are not Eligible
31,1000
36,1636
23,You Are not Eligible
30,You Are not Eligible
27,You Are not Eligible
30,You Are not Eligible
28,You Are not Eligible
30,You Are not Eligible
30,You Are not Eligible
26,You Are not Eligible
33,1273
32,1182
29,You Are not Eligible
40,2182
33,1273
31,1000
32,1182
30,You Are not Eligible
36,1636
32,1182
43,2545
33,1273
36,1636
35,1545
37,1818
35,1545
29,You Are not Eligible
36,1636
35,1545
31,1000
31,1000
37,1818
32,1182
31,1000
38,1909
30,You Are not Eligible
32,1182
40,2182
25,You Are not Eligible
43,2545
42,2455
40,2182
24,You Are not Eligible
37,1818
39,2091
40,2182
31,1000
24,You Are not Eligible
35,1545
30,You Are not Eligible
24,You Are not Eligible
35,1545
26,You Are not Eligible
36,1636
23,You Are not Eligible
23,You Are not Eligible
34,1455
41,2364
31,1000
29,You Are not Eligible
34,1455
36,1636
33,1273
29,You Are not Eligible
30,You Are not Eligible
34,1455
36,1636
36,1636
26,You Are not Eligible
31,1000
23,You Are not Eligible
30,You Are not Eligible
38,1909
28,You Are not Eligible
36,1636
36,1636
41,2364
31,1000
31,1000
30,You Are not Eligible
30,You Are not Eligible
36,1636
41,2364
23,You Are not Eligible
26,You Are not Eligible
25,You Are not Eligible
36,1636
40,2182
27,You Are not Eligible
29,You Are not Eligible
30,You Are not Eligible
30,You Are not Eligible
29,You Are not Eligible
35,1545
31,1000
31,1000
30,You Are not Eligible
36,1636
31,1000
31,1000
31,1000
32,1182
38,1909
27,You Are not Eligible
36,1636
36,1636
31,1000
29,You Are not Eligible
36,1636
28,You Are not Eligible
34,1455
36,1636
30,You Are not Eligible
40,2182
35,1545
41,2364
35,1545
34,1455
37,1818
37,1818
37,1818
30,You Are not Eligible
31,1000
37,1818
36,1636
35,1545
29,You Are not Eligible
32,1182
35,1545
39,2091
41,2364
36,1636
36,1636
42,2455
31,1000
30,You Are not Eligible
22,You Are not Eligible
41,2364
30,You Are not Eligible
25,You Are not Eligible
25,You Are not Eligible
39,2091
31,1000
36,1636
33,1273
31,1000
33,1273
35,1545
35,1545
32,1182
29,You Are not Eligible
35,1545
25,You Are not Eligible
41,2364
36,1636
22,You Are not Eligible
32,1182
29,You Are not Eligible
37,1818
31,1000
29,You Are not Eligible
36,1636
30,You Are not Eligible
30,You Are not Eligible
30,You Are not Eligible
36,1636
28,You Are not Eligible
30,You Are not Eligible
24,You Are not Eligible
42,2455
40,2182
35,1545
42,2455
36,1636
31,1000
30,You Are not Eligible
31,1000
30,You Are not Eligible
35,1545
40,2182
30,You Are not Eligible
34,1455
35,1545
30,You Are not Eligible
42,2455
30,You Are not Eligible
29,You Are not Eligible
29,You Are not Eligible
38,1909
30,You Are not Eligible
40,2182
28,You Are not Eligible
33,1273
23,You Are not Eligible
35,1545
34,1455
35,1545
36,1636
43,2545
29,You Are not Eligible
25,You Are not Eligible
31,1000
39,2091
26,You Are not Eligible
30,You Are not Eligible
24,You Are not Eligible
31,1000
29,You Are not Eligible
30,You Are not Eligible
30,You Are not Eligible
29,You Are not Eligible
31,1000
35,1545
36,1636
31,1000
33,1273
36,1636
30,You Are not Eligible
35,1545
25,You Are not Eligible
36,1636
31,1000
35,1545
40,2182
30,You Are not Eligible
41,2364
35,1545
31,1000
30,You Are not Eligible
32,1182
39,2091
35,1545
27,You Are not Eligible
36,1636
35,1545
23,You Are not Eligible
30,You Are not Eligible
29,You Are not Eligible
24,You Are not Eligible
25,You Are not Eligible
29,You Are not Eligible
30,You Are not Eligible
24,You Are not Eligible
41,2364
36,1636
28,You Are not Eligible
30,You Are not Eligible
24,You Are not Eligible
37,1818
25,You Are not Eligible
41,2364
33,1273
32,1182
36,1636
29,You Are not Eligible
31,1000
34,1455
30,You Are not Eligible
28,You Are not Eligible
36,1636
34,1455
25,You Are not Eligible
31,1000
36,1636
35,1545
30,You Are not Eligible
32,1182
36,1636
37,1818
40,2182
30,You Are not Eligible
26,You Are not Eligible
34,1455
30,You Are not Eligible
30,You Are not Eligible
35,1545
29,You Are not Eligible
36,1636
37,1818
34,1455
24,You Are not Eligible
34,1455
36,1636
38,1909
25,You Are not Eligible
31,1000
29,You Are not Eligible
31,1000
42,2455
31,1000
31,1000
34,1455
36,1636
31,1000
35,1545
34,1455
31,1000
40,2182
30,You Are not Eligible
29,You Are not Eligible
30,You Are not Eligible
28,You Are not Eligible
37,1818
34,1455
34,1455
31,1000
38,1909
29,You Are not Eligible
33,1273
32,1182
41,2364
26,You Are not Eligible
41,2364
36,1636
36,1636
36,1636
37,1818
35,1545
25,You Are not Eligible
28,You Are not Eligible
36,1636
27,You Are not Eligible
35,1545
35,1545
29,You Are not Eligible
30,You Are not Eligible
25,You Are not Eligible
36,1636
24,You Are not Eligible
28,You Are not Eligible
31,1000
35,1545
37,1818
37,1818
35,1545
35,1545
29,You Are not Eligible
30,You Are not Eligible
39,2091
32,1182
30,You Are not Eligible
33,1273
31,1000
36,1636
30,You Are not Eligible
41,2364
36,1636
29,You Are not Eligible
34,1455
41,2364
41,2364
42,2455
40,2182
32,1182
35,1545
41,2364
37,1818
43,2545
39,2091
35,1545
28,You Are not Eligible
24,You Are not Eligible
37,1818
30,You Are not Eligible
35,1545
34,1455
30,You Are not Eligible
36,1636
28,You Are not Eligible
36,1636
33,1273
29,You Are not Eligible
31,1000
31,1000
32,1182
24,You Are not Eligible
38,1909
28,You Are not Eligible
28,You Are not Eligible
24,You Are not Eligible
31,1000
38,1909
39,2091
41,2364
40,2182
37,1818
43,2545
38,1909
29,You Are not Eligible
30,You Are not Eligible
30,You Are not Eligible
29,You Are not Eligible
34,1455
33,1273
25,You Are not Eligible
31,1000
40,2182
36,1636
31,1000
30,You Are not Eligible
27,You Are not Eligible
23,You Are not Eligible
36,1636
38,1909
29,You Are not Eligible
36,1636
41,2364
25,You Are not Eligible
37,1818
31,1000
34,1455
37,1818
33,1273
22,You Are not Eligible
39,2091
34,1455
30,You Are not Eligible
30,You Are not Eligible
29,You Are not Eligible
28,You Are not Eligible
37,1818
28,You Are not Eligible
36,1636
22,You Are not Eligible
25,You Are not Eligible
30,You Are not Eligible
30,You Are not Eligible
31,1000
31,1000
30,You Are not Eligible
37,1818
30,You Are not Eligible
24,You Are not Eligible
38,1909
35,1545
25,You Are not Eligible
31,1000
30,You Are not Eligible
26,You Are not Eligible
36,1636
34,1455
42,2455
30,You Are not Eligible
29,You Are not Eligible
36,1636
37,1818
37,1818
30,You Are not Eligible
37,1818
29,You Are not Eligible
31,1000
28,You Are not Eligible
36,1636
30,You Are not Eligible
35,1545
25,You Are not Eligible
42,2455
31,1000
35,1545
36,1636
35,1545
28,You Are not Eligible
37,1818
30,You Are not Eligible
29,You Are not Eligible
38,1909
29,You Are not Eligible
31,1000
23,You Are not Eligible
36,1636
36,1636
29,You Are not Eligible
30,You Are not Eligible
32,1182
33,1273
36,1636
42,2455
34,1455
23,You Are not Eligible
35,1545
24,You Are not Eligible
35,1545
29,You Are not Eligible
30,You Are not Eligible
25,You Are not Eligible
42,2455
37,1818
36,1636
29,You Are not Eligible
36,1636
32,1182
29,You Are not Eligible
25,You Are not Eligible
30,You Are not Eligible
36,1636
34,1455
32,1182
29,You Are not Eligible
36,1636
36,1636
42,2455
30,You Are not Eligible
24,You Are not Eligible
38,1909
34,1455
42,2455
29,You Are not Eligible
34,1455
37,1818
31,1000
30,You Are not Eligible
32,1182
22,You Are not Eligible
26,You Are not Eligible
30,You Are not Eligible
25,You Are not Eligible
30,You Are not Eligible
32,1182
29,You Are not Eligible
35,1545
37,1818
43,2545
35,1545
35,1545
35,1545
28,You Are not Eligible
31,1000
24,You Are not Eligible
30,You Are not Eligible
36,1636
37,1818
36,1636
36,1636
28,You Are not Eligible
32,1182
22,You Are not Eligible
30,You Are not Eligible
30,You Are not Eligible
35,1545
24,You Are not Eligible
36,1636
30,You Are not Eligible
31,1000
34,1455
37,1818
32,1182
32,1182
36,1636
28,You Are not Eligible
37,1818
34,1455
28,You Are not Eligible
37,1818
36,1636
32,1182
34,1455
36,1636
31,1000
30,You Are not Eligible
30,You Are not Eligible
35,1545
35,1545
36,1636
36,1636
30,You Are not Eligible
38,1909
31,1000
30,You Are not Eligible
29,You Are not Eligible
41,2364
34,1455
35,1545
40,2182
28,You Are not Eligible
31,1000
32,1182
42,2455
35,1545
38,1909
40,2182
35,1545
41,2364
35,1545
31,1000
28,You Are not Eligible
33,1273
25,You Are not Eligible
31,1000
31,1000
33,1273
35,1545
34,1455
40,2182
30,You Are not Eligible
29,You Are not Eligible
32,1182
41,2364
24,You Are not Eligible
36,1636
23,You Are not Eligible
30,You Are not Eligible
31,1000
30,You Are not Eligible
34,1455
36,1636
32,1182
36,1636
29,You Are not Eligible
35,1545
29,You Are not Eligible
28,You Are not Eligible
35,1545
34,1455
29,You Are not Eligible
32,1182
35,1545
23,You Are not Eligible
35,1545
37,1818
38,1909
40,2182
37,1818
25,You Are not Eligible
23,You Are not Eligible
32,1182
24,You Are not Eligible
29,You Are not Eligible
30,You Are not Eligible
24,You Are not Eligible
28,You Are not Eligible
36,1636
32,1182
25,You Are not Eligible
31,1000
30,You Are not Eligible
34,1455
43,2545
35,1545
24,You Are not Eligible
35,1545
36,1636
27,You Are not Eligible
36,1636
30,You Are not Eligible
23,You Are not Eligible
29,You Are not Eligible
33,1273
23,You Are not Eligible
31,1000
